p,d,q,MAPE
1,1,1,22.0136787791301
1,1,2,21.982175133772543
1,1,3,21.098663428050955
1,1,4,19.13988371730334
1,1,5,20.421980735771815
1,1,6,21.257574536179177
1,1,7,15.918119210761681
1,1,8,17.7908641849435
1,1,9,8.068178174148818
1,1,10,7.613878323873637
1,1,11,14.918198677330341
1,1,12,13.546708364081189
1,1,13,13.000245870926994
1,1,14,16.231046549090937
1,1,15,15.7474992627579
1,1,16,14.494067464153257
1,1,17,14.530611033247872
1,1,18,14.621738053470079
1,1,19,15.00149768747582
1,2,1,7.552862786592801
1,2,2,8.128757570062763
1,2,3,8.185400143226039
1,2,4,11.37837006978033
1,2,5,14.29180736630131
1,2,6,12.548345859607426
1,2,7,15.606923806250089
1,2,8,8.833428916577502
1,2,9,9.291738626407271
1,2,10,12.656008982029956
1,2,11,7.329450340087002
1,2,12,7.390612890234387
1,2,13,4.662219939405167
1,2,14,10.153884121867424
1,2,15,10.105661100432833
1,2,16,5.297638308708793
1,2,17,16.014401202263016
1,2,18,16.97194385614833
1,2,19,17.315817514482404
1,3,1,66.74854816716666
1,3,2,8.22521690035986
1,3,3,3.8418513441414093
1,3,4,7.441223021612436
1,3,5,11.155042416684495
1,3,6,10.471017970704839
1,3,7,40.23989907908616
1,3,8,41.35103776993883
1,3,9,40.15878066676562
1,3,10,21.70178874079608
1,3,11,30.48329709039289
1,3,12,41.32521479461162
1,3,13,39.11308038560878
1,3,14,41.16736394772577
1,3,15,54.5561392561399
1,3,16,44.677639199792374
1,3,17,81.58063147360481
1,3,18,72.54671132835618
1,3,19,66.00242797173334
1,4,1,102.04208378066495
1,4,2,116.91211774019592
1,4,3,56.740772802676545
1,4,4,39.02369615811573
1,4,5,31.042481740380683
1,4,6,38.628523543211074
1,4,7,51.042210083894346
1,4,8,61.53179102275889
1,4,9,54.874966585527815
1,4,10,75.01726581435456
1,4,11,16.635993520305767
1,4,12,120.68989205107043
1,4,13,157.52810384252004
1,4,14,174.83862987596802
1,4,15,198.60734195076247
1,4,16,301.16227070565054
1,4,17,299.6318609310256
1,4,18,283.199688032068
1,4,19,113.05106480596112
1,5,1,4374.98771122888
1,5,2,191.29783576836317
1,5,3,123.16630028664095
1,5,4,188.86544067204093
1,5,5,136.5358597072851
1,5,6,308.8935731103295
1,5,7,313.37190060587477
1,5,8,418.329446448156
1,5,9,412.8992719977423
1,5,10,348.3392975413544
1,5,11,821.7094035302109
1,5,12,856.2746596391797
1,5,13,899.8760158768707
1,5,14,875.884497553481
1,5,15,1072.8218770158503
1,5,16,1147.5769485826775
1,5,17,1387.5071555465004
1,5,18,677.140096992409
1,5,19,892.5340028860985
1,6,1,29183.46504946574
1,6,2,6316.553098565373
1,6,3,138.44333039491107
1,6,4,794.9047976665559
1,6,5,1782.8353124206885
1,6,6,2090.218945127834
1,6,7,1681.4540889750092
1,6,8,1888.6866242070316
1,6,9,2222.9348655093136
1,6,10,2988.401695675127
1,6,11,2513.94489459454
1,6,12,3009.8571171799267
1,6,13,2786.246259533677
1,6,14,3374.0412333194436
1,6,15,3821.5904737081814
1,6,16,3855.2010213641006
1,6,17,3313.503615399999
1,6,18,2086.257244266321
1,6,19,3653.267735217945
1,7,1,103004.2124717889
1,7,2,39536.106670273686
1,7,3,7641.50065237945
1,7,4,1799.9592606850588
1,7,5,1930.6931043844531
1,7,6,3616.031793034157
1,7,7,3667.645185028376
1,7,8,3745.48097577567
1,7,9,2694.5912766817446
1,7,10,2412.2539639509837
1,7,11,1195.6769553383247
1,7,12,886.8176459458448
1,7,13,3592.1029046711396
1,7,14,1092.8744659715233
1,7,15,1003.2064261879839
1,7,16,2075.5733624662616
1,7,17,1040.4124240475653
1,7,18,1471.683976477863
1,7,19,21002905683.47377
1,8,1,157447.15889741987
1,8,2,129051.88947761596
1,8,3,52994.8760591893
1,8,4,60205.69084928706
1,8,5,43052.89520125369
1,8,6,28781.211642170438
1,8,7,32209.131085925615
1,8,8,32410.5426031425
1,8,9,32436.575656100893
1,8,10,34971.14707314263
1,8,11,44485.33540534783
1,8,12,49732.52415099605
1,8,13,47885.74967242959
1,8,14,54080.6630139135
1,8,15,51575.103160891456
1,8,16,46594.080178120086
1,8,17,43901.09175658925
1,8,18,29139.07481773851
1,8,19,80021.77966222087
1,9,1,504290.1944287346
1,9,2,181507.26445415072
1,9,3,195954.07565615867
1,9,4,231054.56165292257
1,9,5,195259.63061018716
1,9,6,166377.28741032985
1,9,7,157559.95972720924
1,9,8,176933.20985069685
1,9,9,164431.41265985888
1,9,10,166087.7828471397
1,9,11,177357.16967499547
1,9,12,191984.61224522526
1,9,13,190242.1602700012
1,9,14,210556.10605055926
1,9,15,194117.90472252682
1,9,16,184741.00170524142
1,9,17,164375.23997248316
1,9,18,168929.89957074152
1,9,19,240680.11764014413
1,10,1,4608334.02859517
1,10,2,634745.1335362897
1,10,3,255753.19142042668
1,10,4,482579.0100693367
1,10,5,488016.64258604735
1,10,6,467169.79345800274
1,10,7,437643.5256005962
1,10,8,413778.9426531913
1,10,9,423372.91827057605
1,10,10,423893.8693159587
1,10,11,424607.9577624984
1,10,12,439363.09335658833
1,10,13,455462.0256673026
1,10,14,443169.3841520584
1,10,15,426607.7944341133
1,10,16,412549.3620238326
1,10,17,395567.3388758992
1,10,18,359764.7407872949
1,10,19,457323.40374827775
1,11,1,17820612.59910137
1,11,2,5499538.485263139
1,11,3,1198921.5898144813
1,11,4,324878.3692497609
1,11,5,790780.0441041108
1,11,6,926570.5734646514
1,11,7,897970.6112167445
1,11,8,561747.8574085435
1,11,9,718173.5228851171
1,11,10,733213.4633654444
1,11,11,740650.4885409649
1,11,12,738560.1645500446
1,11,13,812293.3970790454
1,11,14,738497.549286037
1,11,15,782564.5472893048
1,11,16,725469.2428931318
1,11,17,665761.8164222175
1,11,18,87548238278828.66
1,11,19,621000.9326641
1,12,1,36764820.244503275
1,12,2,20586016.11739979
1,12,3,8831341.002400097
1,12,4,2481979.0500508603
1,12,5,74403.43309756949
1,12,6,1123433.7279951512
1,12,7,1774431.0652051044
1,12,8,139725.8164595614
1,12,9,626019.6952678132
1,12,10,866421.4775633378
1,12,11,884488.9410481345
1,12,12,860507.588519501
1,12,13,743259.6315938749
1,12,14,1116776.5296015535
1,12,15,836523.7393895258
1,12,16,972749.0521276713
1,12,17,702174.8561046185
1,12,18,110276.2721508677
1,12,19,712699.696844158
1,13,1,23505753.481886964
1,13,2,41160837.90539281
1,13,3,30278264.318226278
1,13,4,14600869.043315066
1,13,5,6299200.459470528
1,13,6,1195630.830407877
1,13,7,1952032.201641952
1,13,8,4647235.934141689
1,13,9,1494329.096884233
1,13,10,143386.39599557017
1,13,11,455823.4368603703
1,13,12,169227.6944971141
1,13,13,2077212.3039980445
1,13,14,2073615.6964673751
1,13,15,390090.33962532383
1,13,16,96481.449114437
1,13,17,2184630.143470998
1,13,18,2671389.2592769475
1,13,19,3566172.1691342527
1,14,1,573505312.5647877
1,14,2,31949004.285588574
1,14,3,54326543.61306095
1,14,4,46134874.67047619
1,14,5,29809840.039297618
1,14,6,14056057.48480636
1,14,7,2621444.210585546
1,14,8,22162847.69489701
1,14,9,990399.9511220078
1,14,10,934826.5440729754
1,14,11,609539.5129131495
1,14,12,2066539.5598336267
1,14,13,672724.5884186727
1,14,14,9963267.454276763
1,14,15,658271.4775489182
1,14,16,1729119.2601478645
1,14,17,15430406302.906668
1,14,18,8915365.320075478
1,14,19,11736352.406195331
1,15,1,2860029606.440413
1,15,2,677003818.8576542
1,15,3,52191571.42687481
1,15,4,75872061.09009087
1,15,5,81499098.13823666
1,15,6,55556144.798495285
1,15,7,25295076.114781473
1,15,8,77410597.88290486
1,15,9,8430662.485302309
1,15,10,4351819.474386621
1,15,11,1193869.4904858575
1,15,12,394085.97635635437
1,15,13,5373478.385722549
1,15,14,21249824.136708826
1,15,15,3808757.303819144
1,15,16,5872564.203618085
1,15,17,1.1940498693088954e+19
1,15,18,86354141.94310433
1,15,19,46224297.842359915
1,16,1,9141698186.803467
1,16,2,3311436630.5945506
1,16,3,875602682.0057915
1,16,4,108369369.50044821
1,16,5,109589962.99464631
1,16,6,145495732.09080714
1,16,7,92956561.49097657
1,16,8,230573250.95813325
1,16,9,58048293.898268916
1,16,10,6386554.248252052
1,16,11,34991591.58404444
1,16,12,22374380.436473604
1,16,13,9962221.52926543
1,16,14,49572486.66967194
1,16,15,35583674.20246789
1,16,16,40643944.047055535
1,16,17,66824923.791400485
1,16,18,67124034.95544727
1,16,19,88646129.34543961
1,17,1,18779858675.9465
1,17,2,10159188371.027044
1,17,3,4061551411.8635306
1,17,4,1353430299.5241776
1,17,5,229089187.876142
1,17,6,101169171.92978738
1,17,7,205255218.14163935
1,17,8,636475292.4614189
1,17,9,403538219.14847755
1,17,10,177171571.0356183
1,17,11,2822867.309310639
1,17,12,141315777.03855118
1,17,13,26984672.004200723
1,17,14,59050435.8323639
1,17,15,350651265.98351854
1,17,16,13982651717815.955
1,17,17,548051463.4685923
1,17,18,1056999904.1000999
1,17,19,227450431.38726223
1,18,1,4153039910.7452645
1,18,2,20217320891.42748
1,18,3,12235352245.030355
1,18,4,5920975446.334008
1,18,5,2139358639.4275074
1,18,6,649409620.5884506
1,18,7,167509725.59922028
1,18,8,1764397464.2822747
1,18,9,1409938102.1913795
1,18,10,1172426229.7529235
1,18,11,756000736.0858979
1,18,12,435376438.6179025
1,18,13,880621925.0110878
1,18,14,80909480262585.44
1,18,15,435614926.61730844
1,18,16,305632274617880.1
1,18,17,2301470845.9099693
1,18,18,3113878579.765314
1,18,19,1749284127.874067
1,19,1,203329256575.8309
1,19,2,1166061491.481206
1,19,3,21655683624.835655
1,19,4,14989979811.356482
1,19,5,7891534451.790235
1,19,6,3836202985.042078
1,19,7,988962623.7272393
1,19,8,5562566854.180451
1,19,9,3637029248.435366
1,19,10,2969201666.4120216
1,19,11,2162975847.8091946
1,19,12,1173721722.6759121
1,19,13,2522148249.6071396
1,19,14,3173614454.120339
1,19,15,367366683.32231635
1,19,16,6.799871056826937e+21
1,19,17,11913112426.219057
1,19,18,8143788604.995492
1,19,19,5623098398.63199
2,1,1,21.96596318691278
2,1,2,22.48957012958345
2,1,3,12.355320569445157
2,1,4,17.839830429942424
2,1,5,15.34726979553565
2,1,6,16.836476172119884
2,1,7,15.889685020897733
2,1,8,16.40940046637461
2,1,9,14.832048435687838
2,1,10,14.566837358624854
2,1,11,10.853858093642431
2,1,12,10.844802770506128
2,1,13,14.182030209512472
2,1,14,14.306396662437363
2,1,15,14.910186600718593
2,1,16,14.571257853668444
2,1,17,14.492112537431986
2,1,18,14.259269844352133
2,1,19,13.218660671341087
2,2,1,7.686574636393368
2,2,2,8.045400939605738
2,2,3,7.009322510895942
2,2,4,9.204646360541984
2,2,5,8.903140062471191
2,2,6,9.794836419313595
2,2,7,10.890101837475537
2,2,8,9.040600259641874
2,2,9,8.845015522502408
2,2,10,8.9691252782118
2,2,11,9.322875938685044
2,2,12,10.940414522418687
2,2,13,12.170984863754274
2,2,14,12.093449357819209
2,2,15,12.440143944191501
2,2,16,5.864511513583314
2,2,17,6.509505166281558
2,2,18,16.77264749172932
2,2,19,11.101218352396456
2,3,1,68.99983897806634
2,3,2,5.807512566675684
2,3,3,4.19539612472886
2,3,4,25.596137823284256
2,3,5,3.6074200031126624
2,3,6,70.01964778997977
2,3,7,47.01264434452466
2,3,8,32.22171680763765
2,3,9,53.28110794502573
2,3,10,37.239852882438
2,3,11,59.99213133498262
2,3,12,64.34544600771288
2,3,13,67.37167563135968
2,3,14,41.87496740178942
2,3,15,58.45319770059585
2,3,16,50.65047552150913
2,3,17,76.81963770127
2,3,18,87.199885661672
2,3,19,23.28836955862975
2,4,1,382.67976587512885
2,4,2,119.67091241240537
2,4,3,65.12326187800004
2,4,4,45.51767107152618
2,4,5,61.28486291486522
2,4,6,62.655028849715286
2,4,7,53.99143893700501
2,4,8,74.79564163589755
2,4,9,76.54444422894754
2,4,10,56.79115925811683
2,4,11,48.56591694180048
2,4,12,54.95298204766359
2,4,13,96.30700590886781
2,4,14,141.7869180039134
2,4,15,178.69975583930372
2,4,16,183.4682098925665
2,4,17,312.48607429717663
2,4,18,282.4167241886368
2,4,19,130.1848303907856
2,5,1,397.7854772326092
2,5,2,546.6661789008821
2,5,3,120.18041225963536
2,5,4,158.9698393167974
2,5,5,41.572509008070696
2,5,6,124.96610113116613
2,5,7,178.7708978566802
2,5,8,206.46544138789707
2,5,9,332.8206038974164
2,5,10,425.1907068529519
2,5,11,751.3151427249907
2,5,12,803.6834318692185
2,5,13,635.6188606775596
2,5,14,749.7420540079147
2,5,15,826.5392023229742
2,5,16,802.4076076176066
2,5,17,1202.7547081464713
2,5,18,667.2307630643517
2,5,19,700.899651771001
2,6,1,14419.211865343215
2,6,2,614.9601137219533
2,6,3,1014.2125313985301
2,6,4,1075.210491988601
2,6,5,530.1632926832358
2,6,6,127.23808603614242
2,6,7,1116.3495791387184
2,6,8,1294.4322574282855
2,6,9,1290.6646637098015
2,6,10,1558.1372205429377
2,6,11,2410.8355450929625
2,6,12,2664.231702612396
2,6,13,3158.537612120192
2,6,14,2855.58981016451
2,6,15,3119.156762982637
2,6,16,3506.1952959895516
2,6,17,3374.0102387470934
2,6,18,2418.8677566721617
2,6,19,613808920.5767248
2,7,1,79808.52966653752
2,7,2,19465.48541810977
2,7,3,826.0490607450304
2,7,4,3200.194747043707
2,7,5,4446.160655965965
2,7,6,4152.716805086944
2,7,7,1949.1637272435057
2,7,8,3868.9698391454613
2,7,9,3964.6355934726594
2,7,10,4210.2151894889585
2,7,11,3695.418771052142
2,7,12,5084.83982136809
2,7,13,3366.974449447772
2,7,14,585.4648872867405
2,7,15,2759.898037960088
2,7,16,2741.066959494438
2,7,17,3081.6418094351507
2,7,18,708.2053656975949
2,7,19,21002905674.88092
2,8,1,245867.29712607994
2,8,2,100285.00374695226
2,8,3,31985.325675480824
2,8,4,18079.67753325357
2,8,5,15836.017865367472
2,8,6,29670.396462554363
2,8,7,38490.150644479145
2,8,8,12870.104718206867
2,8,9,15489.941697312675
2,8,10,18683.456128962378
2,8,11,29486.0765249528
2,8,12,27126.99644729803
2,8,13,32647.228898839414
2,8,14,41365.30847860458
2,8,15,33474.829645885475
2,8,16,37728.27175388139
2,8,17,25301.23157969414
2,8,18,6604.28778397679
2,8,19,81632.55116849169
2,9,1,285030.186235074
2,9,2,285999.94266984734
2,9,3,174606.35565781692
2,9,4,156388.57430040208
2,9,5,126472.32190534803
2,9,6,168310.82818022557
2,9,7,135771.30482613432
2,9,8,127454.19051719194
2,9,9,131760.6111212699
2,9,10,133118.91779277445
2,9,11,164184.0863358212
2,9,12,155082.0143569418
2,9,13,167704.29976224023
2,9,14,170674.37951108383
2,9,15,173721.384310158
2,9,16,163308.19069868058
2,9,17,108248.98265216956
2,9,18,43097.51784342496
2,9,19,219774.32659669867
2,10,1,1878840.7865745476
2,10,2,309970.41732034
2,10,3,482539.2067638096
2,10,4,456788.0871847566
2,10,5,381072.94456850324
2,10,6,351122.8055334537
2,10,7,388069.2745795492
2,10,8,352685.01619270124
2,10,9,363119.09477606125
2,10,10,402834.5622666171
2,10,11,378362.3807954614
2,10,12,405307.5581627934
2,10,13,408766.4556403091
2,10,14,418002.060348974
2,10,15,423434.80499194236
2,10,16,426894.80506567564
2,10,17,150829.3212624592
2,10,18,176979648913715.8
2,10,19,443270.7138232025
2,11,1,15498533.415087178
2,11,2,2206003.208891628
2,11,3,386378.8581656514
2,11,4,879619.567046646
2,11,5,845826.8104080894
2,11,6,776640.7823644364
2,11,7,731521.5263464832
2,11,8,698508.1982641172
2,11,9,548696.1874247157
2,11,10,626784.1114994272
2,11,11,766652.3013881223
2,11,12,727402.0324043726
2,11,13,741537.6791123941
2,11,14,702887.3484189
2,11,15,727158.6266783684
2,11,16,792308.8562957648
2,11,17,455796.4091865511
2,11,18,2365387339774477.0
2,11,19,644769.4372709608
2,12,1,69335742.66684744
2,12,2,17753762.351942677
2,12,3,3956931.0958873923
2,12,4,347679.52588662686
2,12,5,1335784.8624113302
2,12,7,1343587.1313656003
2,12,8,1380808.2607313185
2,12,9,83031.0641023329
2,12,10,776861.8531087632
2,12,11,934269.9539801006
2,12,12,897291.0039163276
2,12,13,934555.5705233687
2,12,14,1164389.3456982786
2,12,15,1198632.1396524967
2,12,16,1040072.2510562198
2,12,17,976249.5232499454
2,12,18,536941.0895216367
2,12,19,295193.3483340057
2,13,1,223955411.3027059
2,13,2,78111583.9371394
2,13,3,28439734.784131225
2,13,4,7169733.240301834
2,13,5,485517.0032757954
2,13,6,1891539.5763835364
2,13,7,2201597.998584215
2,13,8,1736028.7939059068
2,13,9,3441147.9837790285
2,13,10,840653.2207224695
2,13,11,97282.4359708072
2,13,12,604572.8659296598
2,13,13,1131141.2214950551
2,13,14,1113362.943064021
2,13,15,526173.8314334097
2,13,16,1227331.20204619
2,13,17,1767046.6443140937
2,13,18,2450628.634492531
2,13,19,4910548.6636422025
2,14,1,511752132.6288561
2,14,2,250875934.21015567
2,14,3,117210159.164271
2,14,4,44492183.10848391
2,14,5,16539044.717393992
2,14,6,2550442.1302970015
2,14,7,2170044.8820843333
2,14,8,2688185.213505223
2,14,9,18121270.48796639
2,14,10,8464826.01158677
2,14,11,4121392.6003707447
2,14,12,1802789.0259580042
2,14,13,293086.7332558001
2,14,14,1756586.5731321424
2,14,15,1837858.5863181336
2,14,16,2822534.9165682844
2,14,17,2.010766310499304e+18
2,14,18,426790.65162210725
2,14,19,11087212.914288886
2,15,1,539683009.316173
2,15,2,568540521.1654503
2,15,3,345152931.3265663
2,15,4,173388037.43693084
2,15,5,86314856.40836063
2,15,6,32984636.69095983
2,15,7,2251520.5142699718
2,15,8,21738915.0104869
2,15,9,20922966.918845147
2,15,10,35582347.0764546
2,15,11,23827697.238670614
2,15,12,31930843.278105672
2,15,13,7183531.943186843
2,15,14,6188935.187702531
2,15,15,4244805.461034803
2,15,16,1056705.8683191414
2,15,17,3.009750075410647e+18
2,15,18,13911964.82753691
2,15,19,50204391.95304288
2,16,1,1783061675.1714303
2,16,2,562739173.4245085
2,16,3,713394653.0674242
2,16,4,494620231.4635298
2,16,5,301336175.4653299
2,16,6,155821604.55371904
2,16,7,111154723.98010613
2,16,8,81711138.75405845
2,16,9,11038287.136516923
2,16,10,117539141.98185234
2,16,11,85844366.4486431
2,16,12,195414999.0741302
2,16,13,35935741.122257106
2,16,14,27374730.410223447
2,16,15,17219751.690329112
2,16,16,8678574.518357767
2,16,17,48709447.38260645
2,16,18,24420330.796482183
2,16,19,175622453.70359683
2,17,1,12768269556.912832
2,17,2,2149047004.761833
2,17,3,609355214.310993
2,17,4,978697085.5343404
2,17,5,779627076.9586991
2,17,6,511178961.73255515
2,17,7,149699465.334979
2,17,8,204680071.98978633
2,17,9,171140632.97028795
2,17,10,327584131.9190008
2,17,11,278929031.43434894
2,17,12,164779893.45215267
2,17,13,188571176.23787758
2,17,14,275705250.589943
2,17,16,1094975034999.3323
2,17,17,499975161.5346566
2,17,18,876819196.7445863
2,17,19,826377178.2650222
2,18,1,45308880273.51634
2,18,2,14643940246.313372
2,18,3,2858472833.100006
2,18,4,630467737.2160244
2,18,5,1388475661.7235591
2,18,6,1218245988.5505013
2,18,7,679715203.6800003
2,18,8,208105667.63452923
2,18,9,428444800.0791778
2,18,10,866290606.2989904
2,18,11,599545059.6627165
2,18,12,452297286.6978791
2,18,13,7.820441548008793e+22
2,18,14,818862103.6132907
2,18,15,5549701210771.353
2,18,16,7.112098483715547e+21
2,18,17,890720059.6597793
2,18,18,2036560663.7629762
2,18,19,1548480288.7106152
2,19,1,114842555384.03368
2,19,2,50931799493.71958
2,19,3,18022296586.293217
2,19,4,4648894318.47198
2,19,5,453942018.90600485
2,19,6,1910176218.4606743
2,19,7,2120020802.9132757
2,19,8,1773279997.5399036
2,19,9,1042650507.0056939
2,19,10,2363884945.32124
2,19,11,1457089638.380611
2,19,12,1484463955.8079696
2,19,13,1754798279.3401618
2,19,14,2035240659.1098943
2,19,15,92910006.92453457
2,19,16,2.583511045887796e+21
2,19,17,6810506966.580488
2,19,18,3258505247.660146
2,19,19,3619165823.436447
3,1,1,20.081556571764946
3,1,2,22.97796397320776
3,1,3,18.10633514692336
3,1,4,17.643284253881273
3,1,5,16.634157278092243
3,1,6,16.40241903811641
3,1,7,13.14379843448814
3,1,8,15.7608779116478
3,1,9,10.931629090886346
3,1,10,13.339623904018193
3,1,11,12.216034864452054
3,1,12,12.638774247006381
3,1,13,13.727385659596886
3,1,14,12.849574351375773
3,1,15,16.3096945010843
3,1,16,14.740257827116423
3,1,17,13.662760359268711
3,1,18,13.737345875566206
3,1,19,13.68469799768405
3,2,1,9.906088977043119
3,2,2,9.755145096331953
3,2,3,8.544954978964887
3,2,4,7.565160095627056
3,2,5,13.673736267219263
3,2,6,10.68837833512062
3,2,7,10.767955907597786
3,2,8,9.690144825482633
3,2,9,9.06415401944644
3,2,10,8.89020889963959
3,2,11,7.825513413217558
3,2,12,8.217403567045015
3,2,13,10.838377263208866
3,2,14,9.897243066809773
3,2,15,10.431058480895457
3,2,16,6.340909591042888
3,2,17,6.703189257858694
3,2,18,7.473919369975936
3,2,19,10.955075043579777
3,3,1,32.28713526243762
3,3,2,2.6123350584190264
3,3,3,87.37158826726946
3,3,4,8.773704006512832
3,3,5,12.777563115118005
3,3,6,16.775556454685177
3,3,7,13.87862546949531
3,3,8,39.495402327161216
3,3,9,49.493305272226465
3,3,10,48.28777725967788
3,3,11,58.67787426559431
3,3,12,51.01136814173615
3,3,13,51.34440703527249
3,3,14,55.129926627554504
3,3,15,55.88702218454097
3,3,16,53.289021846030046
3,3,17,57.51480477897629
3,3,18,70.44504934699343
3,3,19,21.15892606923502
3,4,1,303.66966220316385
3,4,2,67.47042854855901
3,4,3,53.18985508505407
3,4,4,132.2928122614953
3,4,5,249.97903761269177
3,4,6,75.83008336819508
3,4,7,101.00447933802768
3,4,8,127.53840813330424
3,4,9,110.61582312223995
3,4,10,100.03802990495095
3,4,11,121.52885000391431
3,4,12,94.66395143872734
3,4,13,95.94249839789416
3,4,14,106.37123838460323
3,4,15,121.40005835161382
3,4,16,110.67574202770724
3,4,17,122.55310865320226
3,4,18,106.81250934317832
3,4,19,95.66541625761816
3,5,1,1212.3060510230177
3,5,2,431.9295860293907
3,5,3,77.52668997103358
3,5,4,795.941151773052
3,5,5,330.6937025065841
3,5,6,324.51657989695406
3,5,7,450.1039001546551
3,5,8,146.10705146286017
3,5,9,293.0567555396346
3,5,10,234.72976633289773
3,5,11,359.26530887943227
3,5,12,554.663891356966
3,5,13,558.8736271362176
3,5,14,602.993868679538
3,5,15,635.5875109996074
3,5,16,760.563779094399
3,5,17,1005.5949763617326
3,5,18,590.1941890268004
3,5,19,13094837.38741402
3,6,1,2772.075305090837
3,6,2,1554.111460183259
3,6,3,613.0135745513037
3,6,4,915.5230887056609
3,6,5,1515.227457203315
3,6,6,1327.8755441519565
3,6,7,1278.2353543576173
3,6,8,1276.1178817422058
3,6,9,1276.3781747271419
3,6,10,1051.1831385498513
3,6,11,1618.791990117649
3,6,12,2463.6898600705554
3,6,13,2789.5750065132343
3,6,14,1876.1336516184929
3,6,15,1735.9326295479732
3,6,16,2024.082511675259
3,6,17,3093.73581402874
3,6,18,938.357159141758
3,6,19,613808920.5767248
3,7,1,42168.38397892199
3,7,2,3722.4821771228562
3,7,3,2283.9768210510033
3,7,4,3086.956971146452
3,7,5,2855.5949877073376
3,7,6,2743.037950031825
3,7,7,2269.5812818832055
3,7,8,375.1708555559916
3,7,9,5573.141364084357
3,7,10,3845.3409297316653
3,7,11,5414.41405922134
3,7,12,5318.801981490584
3,7,13,5318.458965459342
3,7,14,3994.4192419163137
3,7,15,5758.351838824461
3,7,16,5366.706590096347
3,7,17,5605.925673609183
3,7,18,4665.955460732063
3,7,19,21002905666.466732
3,8,1,209889.8583887318
3,8,2,51567.27023197294
3,8,3,8133.204133780702
3,8,4,2597.563426273776
3,8,5,2086.1396387914388
3,8,6,2255.628937332448
3,8,7,8033.103875161562
3,8,8,1817.1562874150202
3,8,9,4479.1037385053305
3,8,10,2808.1093254716893
3,8,11,3253.193048551322
3,8,12,3674.6279459708794
3,8,13,2757.8993670248947
3,8,14,14219.88916977925
3,8,15,6856.975841406605
3,8,16,1302.7831138757704
3,8,17,6420.892678617217
3,8,18,135.68209348534933
3,8,19,60684.60026178436
3,9,1,740956.2498111867
3,9,2,241381.51296004967
3,9,3,103813.99713529908
3,9,4,68483.8713255734
3,9,5,74783.22967870021
3,9,6,104325.89752608308
3,9,7,133734.88484342783
3,9,8,91203.8053162898
3,9,9,63156.15531458073
3,9,10,65031.130247538065
3,9,11,65629.6353124379
3,9,12,74021.42831715438
3,9,13,91600.66787450074
3,9,14,97955.7755309992
3,9,15,81850.39227319861
3,9,16,22591.436625234724
3,9,17,70238.90211596989
3,9,18,10753556296931.514
3,9,19,212895.3467155561
3,10,1,1970922.2227918017
3,10,2,817663.1948139621
3,10,3,474985.1203851929
3,10,5,269608.4124602989
3,10,6,251979.0688488813
3,10,7,423676.7491785921
3,10,8,356352.0046264437
3,10,9,319094.8285298371
3,10,10,230718.01461034644
3,10,11,219961.48998317373
3,10,12,244348.60098185096
3,10,13,304698.3456854974
3,10,14,348724.4856975901
3,10,15,278310.3595378331
3,10,16,316410.0099767436
3,10,17,226661.8366590304
3,10,18,176981015070271.38
3,10,19,436824.42750489793
3,11,1,2264712.931428104
3,11,2,2132225.4996094713
3,11,3,1456649.0940154442
3,11,4,19508377098814.55
3,11,5,652706.3812000585
3,11,6,612161.8413110747
3,11,7,733313.7267706553
3,11,8,701616.4494520416
3,11,9,753406.0264522457
3,11,10,492630.1246751286
3,11,11,468200.61905318045
3,11,12,509275.4821349132
3,11,13,730952.3709301975
3,11,14,666021.6031466962
3,11,15,680563.6519480447
3,11,16,738147.8115482627
3,11,17,591440.1463242889
3,11,18,2365923087226798.5
3,11,19,697334.8267398069
3,12,1,13623442.785540663
3,12,2,2346193.702634382
3,12,3,3368580.4993000473
3,12,4,2350544.6929823174
3,12,6,1237320.3616589527
3,12,7,589162.6708668134
3,12,8,1273918.7943788
3,12,9,1516504.797359643
3,12,10,229381.27231746263
3,12,11,708868.7737140625
3,12,12,1.576629430017654e+16
3,12,13,934330.5895910829
3,12,14,1104771.2138574682
3,12,15,1126104.1884955184
3,12,16,1707750.4858468117
3,12,17,409091.34964323166
3,12,18,67671.29647293485
3,12,19,308196.5490058883
3,13,1,104816648.46696615
3,13,2,14089935.421997545
3,13,3,2781103.4197050408
3,13,4,4914357.467031706
3,13,6,2.0079362222321516e+18
3,13,7,2287099.142089552
3,13,8,507572.54693358333
3,13,9,2244893.502683273
3,13,10,2850896.2210694286
3,13,11,102018.44323566617
3,13,12,760586.1638406869
3,13,13,549831.7961705015
3,13,14,1167583.6743145564
3,13,15,1118293.7933574147
3,13,16,1081676.250092582
3,13,17,1.6412815814620403e+17
3,13,18,974324.7011058001
3,13,19,1627878.6865941752
3,14,1,419570295.93325025
3,14,2,108212980.58577833
3,14,3,25529380.522503886
3,14,4,2969071.2875268646
3,14,5,506549474937452.8
3,14,6,7213100.954176302
3,14,7,1088089.662127372
3,14,8,5653568.286794905
3,14,9,508829.7512209223
3,14,10,2362471.8302873555
3,14,11,5361914.405640213
3,14,12,3084966.197574383
3,14,13,437872.1747986565
3,14,14,1401522.0925237476
3,14,15,848694.1805883967
3,14,16,1466134.4044267726
3,14,17,8.232717216908613e+18
3,14,18,8546456.901366286
3,14,19,8605598.877245096
3,15,1,1198827705.4705167
3,15,2,434863423.6140549
3,15,3,167920004.9159688
3,15,4,39722971.80261621
3,15,6,13772141.181503566
3,15,7,1904239.4880090659
3,15,8,28880016.405271593
3,15,9,15725137.050107552
3,15,10,2465211.1677860403
3,15,11,3668859.2637226763
3,15,12,16173732.93329571
3,15,13,1195352.8774825644
3,15,14,2646498.19273704
3,15,15,2080573.3391645676
3,15,16,1072418.2694257847
3,15,17,3.926310162336868e+18
3,15,18,36230504.9791902
3,15,19,15988750.502175858
3,16,1,2378622887.202877
3,16,2,1248295097.2197897
3,16,3,609088395.4924378
3,16,4,239398027.20382005
3,16,5,83378131.8115247
3,16,6,3492131.8649293906
3,16,7,47128828.27385042
3,16,8,83025738.75235565
3,16,9,56194569.910469666
3,16,10,35657292.375388294
3,16,11,90945638.56945312
3,16,12,51867814.84295069
3,16,13,2693015.250650591
3,16,14,15530878.327791966
3,16,15,7195100.964675857
3,16,16,3622515.073866379
3,16,17,99142190.43103044
3,16,18,20788241.584683906
3,16,19,59572607.64858609
3,17,1,1718192295.9790993
3,17,2,2472739078.0759516
3,17,3,1592957794.627582
3,17,4,842908638.1800169
3,17,5,429828348.5748061
3,17,6,150479802.8176947
3,17,7,411949827.91982836
3,17,8,107059960.80621696
3,17,9,142822385.8829424
3,17,10,161829110.3951848
3,17,11,266225854.12128684
3,17,12,179122300.71179673
3,17,13,106830879.01641664
3,17,14,44951793.734583326
3,17,15,46624236.017377555
3,17,16,1.757096549392816e+20
3,17,17,791882712.3843588
3,17,18,723264319.928025
3,17,19,671686222.472591
3,18,1,10358596627.847094
3,18,2,1748209472.165539
3,18,3,2926799955.1928015
3,18,4,2163576006.53909
3,18,5,1376222170.8310194
3,18,6,678035937.728082
3,18,7,242893192.07350916
3,18,8,709475688.3256748
3,18,9,161272622.9287085
3,18,10,990113895.5375476
3,18,11,675381489.2273318
3,18,12,414574366.96728194
3,18,13,122033442.92429069
3,18,14,120673470.6139113
3,18,15,90903334.0360385
3,18,16,1.9911797285754293e+20
3,18,17,3304122576.6094446
3,18,18,1828499447.5537603
3,18,19,3713289396.9167776
3,19,1,58237357499.89289
3,19,2,10730470291.078968
3,19,3,1673854735.7546725
3,19,4,3777685735.293477
3,19,5,3199651595.4738503
3,19,6,1980711230.7080333
3,19,7,1233290421.9279668
3,19,8,1693445851.6338055
3,19,9,546467474.2272592
3,19,10,675612565.8316691
3,19,11,24879557.242393646
3,19,12,89299067.74592283
3,19,13,815439956.7429786
3,19,14,258756976.30191347
3,19,15,136278644.87584633
3,19,16,1.4619937088090347e+23
3,19,17,17065865029.19248
3,19,18,5400508137.067014
3,19,19,16833526105.833399
4,1,1,17.879875128323363
4,1,2,13.447012964362212
4,1,3,16.371903439586703
4,1,4,12.431378674547195
4,1,5,18.545644043290267
4,1,6,16.029360234001665
4,1,7,13.718643342644851
4,1,8,15.147858796711006
4,1,9,16.307358158478085
4,1,10,13.554579455835327
4,1,11,14.898627060243033
4,1,12,14.630760590131645
4,1,13,13.943051759338957
4,1,14,15.773184952429018
4,1,15,12.832042515258138
4,1,16,12.271534626416624
4,1,17,13.375844146534547
4,1,18,13.96791719234006
4,1,19,14.120807452790467
4,2,1,9.51552765860989
4,2,2,10.48912030088233
4,2,3,7.882235854109597
4,2,4,9.85577545137538
4,2,5,12.89385694878141
4,2,6,10.39219320072061
4,2,7,10.811472271536902
4,2,8,9.528577865571409
4,2,9,10.163666708386925
4,2,10,8.946390991980126
4,2,11,9.486508075935333
4,2,12,9.58170518216085
4,2,13,9.938583816413955
4,2,14,9.953862496205266
4,2,15,9.440323634777222
4,2,16,7.09355228607587
4,2,17,5.847414559915079
4,2,18,8.898164318534874
4,2,19,11.008058864793975
4,3,1,26.05698063716536
4,3,2,30.392908794754174
4,3,3,64.56428087109119
4,3,4,7.47069325538708
4,3,5,38.051500461880224
4,3,6,41.48683844710877
4,3,7,68.82401149049997
4,3,8,48.13065941308681
4,3,9,42.36644546377133
4,3,10,52.56856160996634
4,3,11,54.14573412562335
4,3,12,57.322616635057436
4,3,13,57.700501359339164
4,3,14,59.65679939390992
4,3,15,60.793844741515294
4,3,16,60.88202731259936
4,3,17,71.67566244033759
4,3,18,58.3995202977002
4,3,19,27.360311923547105
4,4,1,243.79339079276417
4,4,2,278.03561749041506
4,4,3,471.8376885014128
4,4,4,100.67065334823957
4,4,5,38.893953660201895
4,4,6,178.98186093356853
4,4,7,88.63669117565217
4,4,8,132.4503373270097
4,4,9,100.73099200260167
4,4,10,106.60077462634857
4,4,11,102.06116597513586
4,4,12,96.30540266280289
4,4,13,93.11539295406386
4,4,14,105.79925190880637
4,4,15,117.11254738145058
4,4,16,108.71616111208648
4,4,17,123.81523954214089
4,4,18,128.72519779710885
4,4,19,52.07394532272116
4,5,1,1238.9596756584024
4,5,2,346.3103432899262
4,5,3,1620.1778111820777
4,5,4,622.4330923416996
4,5,5,124.37325570988655
4,5,6,95.74182483034743
4,5,7,334.0965587754811
4,5,8,236.4686684142596
4,5,9,133.08479972086428
4,5,10,225.70096452630773
4,5,11,322.7309254462172
4,5,12,144.98521859703473
4,5,13,359.33951932090866
4,5,14,346.6147183965735
4,5,15,386.7030803909615
4,5,16,359.7830955246875
4,5,17,742.787649177249
4,5,18,499.18890983072765
4,5,19,13094837.387408054
4,6,1,2305.628770096586
4,6,2,1527.955222255901
4,6,3,399.4406561200973
4,6,4,1906.947610516219
4,6,5,1581.3713790987615
4,6,6,564.0684524064061
4,6,7,471.9567018808296
4,6,8,1009.8836291722023
4,6,9,1012.8078955489132
4,6,10,1244.1957083832863
4,6,11,2153.9780065946475
4,6,12,2313.8520657435874
4,6,13,1247.0244099622505
4,6,14,1309.2059376784541
4,6,15,1471.5411345476155
4,6,16,2121.920173742649
4,6,17,1848.1544839701196
4,6,18,279.02388226410585
4,6,19,613808920.6164901
4,7,1,5517.61623489002
4,7,2,2785.6781085268026
4,7,3,1879.1127473052934
4,7,4,2653.524548847832
4,7,5,2917.00972993829
4,7,6,2145.912804545832
4,7,7,3166.977907116511
4,7,8,2556.848042100034
4,7,9,3207.123274504567
4,7,10,4204.819800982313
4,7,11,3596.1701195784626
4,7,12,4226.675590621674
4,7,13,5116.391854175174
4,7,14,5989.602061433901
4,7,15,5114.113821259211
4,7,16,4924.259829876988
4,7,17,3052.61229046273
4,7,18,343.47898331248234
4,7,19,21002905697.612278
4,8,1,160059647664944.16
4,8,2,8186.0276226096
4,8,3,3013.1801015652036
4,8,4,4019.702094154666
4,8,5,4543.864851204052
4,8,6,4339.362946075613
4,8,7,3188.0357117399767
4,8,8,6519.987970567882
4,8,9,6839.113450510134
4,8,10,9752.602222329386
4,8,11,9723.082228032694
4,8,12,2314.028106774906
4,8,13,5845.579344117744
4,8,14,2219.5297067104525
4,8,15,3112.722445677871
4,8,16,6409.659021581221
4,8,17,3099.985211999724
4,8,18,534325337026.1525
4,8,19,62033.73594907498
4,9,1,228218.66836443078
4,9,2,60757.708177900735
4,9,3,20624.733996288516
4,9,4,5280.434907147
4,9,5,1407.765194689526
4,9,6,16117.81994704803
4,9,7,28510.570609081835
4,9,8,41860.002839817906
4,9,9,33252.61400122742
4,9,10,34236.19951535588
4,9,11,39616.47609412505
4,9,12,42718.7970266604
4,9,13,53607.82598663674
4,9,14,84318.90410914403
4,9,15,69569.80583942273
4,9,16,19680.04411540867
4,9,17,5766.853556090806
4,9,18,10753549870018.963
4,9,19,222647.24598458706
4,10,1,1004175.1974040723
4,10,2,258783.10997116237
4,10,3,134174.5838207872
4,10,4,127116.97086897821
4,10,5,181129.48625632035
4,10,6,189612.27138237597
4,10,7,207748.18859437582
4,10,8,245086.1897769427
4,10,9,182503.42300718973
4,10,10,247725.5791548803
4,10,11,269281.3722501821
4,10,12,258858.14148703974
4,10,13,284161.2048607456
4,10,14,296485.2861790354
4,10,15,185943.67334187785
4,10,16,210211.78137424972
4,10,17,95642.10090306318
4,10,18,176979230893624.16
4,10,19,426637.84576681757
4,11,1,3610380.2829508516
4,11,2,1076475.9492394952
4,11,3,489881.1276637784
4,11,4,364582.9512801839
4,11,5,405294.9363499824
4,11,6,490887.1859300445
4,11,7,451039.606063515
4,11,8,387194.48178170767
4,11,9,498087.1066184155
4,11,10,577502.7125830121
4,11,11,587518.1708848946
4,11,12,454403.4192822785
4,11,13,697325.1467940516
4,11,14,629294.7638545603
4,11,15,474840.18659536366
4,11,16,580236.9013802458
4,11,17,85308.72804516213
4,11,19,694935.4343230567
4,12,1,7880100.235714759
4,12,2,3757226.6907613208
4,12,3,1876209.0304068755
4,12,4,825636.0137427533
4,12,5,565483.7657148894
4,12,6,727918.949917418
4,12,7,800843.1583893073
4,12,8,107910398325408.23
4,12,9,1038663.4366564569
4,12,10,1390479.1479969479
4,12,11,1365581.732575623
4,12,12,1103452.9385508779
4,12,13,990063.0576980407
4,12,14,1571385.798446714
4,12,15,1398557.1037275563
4,12,16,847375.6612680762
4,12,17,2.4349332601191396e+16
4,12,18,272057.497945391
4,12,19,613684.651563919
4,13,1,6688148.586322551
4,13,2,8179301.41356843
4,13,3,6230259.814567422
4,13,4,2924308.7822266496
4,13,5,3051705.518006878
4,13,6,1582121.7115451999
4,13,7,2595282.697005356
4,13,8,1720116.4828432545
4,13,9,343423.42363121954
4,13,10,1671850.882251011
4,13,11,2105923.320939281
4,13,12,729219.5659905609
4,13,13,486443.549711373
4,13,14,1901728.476054045
4,13,15,1183502.5687490175
4,13,16,2245819.8348513367
4,13,17,1.7699627289147936e+17
4,13,18,1218722.1634984736
4,13,19,461370.0426706085
4,14,1,147647829.7230671
4,14,2,6714332.280728102
4,14,3,11817797.527796244
4,14,4,9439301.581506813
4,14,5,7396139.9209056
4,14,7,6679790.510138926
4,14,8,2056550.9689342496
4,14,9,6502224.089706212
4,14,10,782787.3913797778
4,14,11,1655855.1020267573
4,14,12,3841084.7010119264
4,14,13,1281323.347972619
4,14,14,902293.7099179188
4,14,15,3134752.9876648523
4,14,16,4335650.136560964
4,14,17,8.961675913992416e+18
4,14,18,7100223.905021111
4,14,19,20608874.589151356
4,15,1,704112914.7362416
4,15,2,151094444.63532808
4,15,3,17880973.22728782
4,15,4,15956326.75465051
4,15,5,28415066.327448368
4,15,6,14901522.459609577
4,15,7,7760210.863983689
4,15,8,15193497.624074705
4,15,9,1025190.9735891209
4,15,10,12053914.587525673
4,15,11,6316317.047866122
4,15,12,541632.6517071897
4,15,13,1946745.446607648
4,15,14,10169603.203613134
4,15,15,11046717.518264432
4,15,16,2282579.2464599856
4,15,17,3.608367705916537e+18
4,15,18,98604206.36665729
4,15,19,82584528.26771693
4,16,1,2163852485.5580244
4,16,2,721497857.1616337
4,16,3,239543078.1582479
4,16,4,33856820.95275818
4,16,5,43541645.008798055
4,16,6,45971802.51182332
4,16,7,25261216.059524838
4,16,8,94404624.41417105
4,16,9,38333142.19087546
4,16,10,6418912.706730178
4,16,11,8770695.70858541
4,16,12,2524549.242832366
4,16,13,16627414.603740102
4,16,14,34624297.847248025
4,16,15,5296299.318476688
4,16,16,1.2660942296024669e+20
4,16,17,59775191.893120766
4,16,18,85019437.9896415
4,16,19,187815387.41141742
4,17,1,4774302286.732036
4,17,2,2209213432.0673876
4,17,3,1014828461.7521001
4,17,4,364067599.430106
4,17,5,60927607.89271287
4,17,6,179014000.18686348
4,17,7,64645474.90110029
4,17,8,290017387.04869175
4,17,9,175840830.74074584
4,17,10,89882816.38610618
4,17,11,8247107.89638796
4,17,12,21744024.893978655
4,17,13,168258571.53187722
4,17,14,90839616.00662352
4,17,15,33251105.65021275
4,17,17,5323982.750832429
4,17,18,943991211.696133
4,17,19,1147170519.8051295
4,18,1,5975920929.569713
4,18,2,4853429524.709655
4,18,3,2885823405.3633003
4,18,4,1470371233.9616158
4,18,5,100.0
4,18,6,1409072823.9916122
4,18,8,1034525757.0634354
4,18,9,561727034.6796579
4,18,10,417778697.22877085
4,18,11,171624242.96397504
4,18,12,43630950.20516787
4,18,13,412383437.909496
4,18,14,284095364.70978534
4,18,16,7.844492075317816e+21
4,18,17,4853372196.653966
4,18,18,7309122063.18012
4,18,19,7053229616.414769
4,19,1,7357846736.09336
4,19,2,6040741116.615083
4,19,3,5996447679.426802
4,19,4,4022351448.9391894
4,19,5,1.9582601928917922e+27
4,19,6,3377031551.184846
4,19,7,100.0
4,19,8,1890107469.437639
4,19,9,1816712775.3759515
4,19,10,1257049373.8608007
4,19,11,174568445.7157257
4,19,12,22200933.704165835
4,19,13,101361176.10315956
4,19,14,1730575614.9388242
4,19,16,4.2455175612786e+23
4,19,17,20625844419.731895
4,19,18,18205454766.43532
4,19,19,20092330479.458344
5,1,1,16.754603001161417
5,1,2,13.502361509685255
5,1,3,15.17682568483175
5,1,4,14.995676462710739
5,1,5,16.15267301812867
5,1,6,11.370286432991302
5,1,7,12.230948005630578
5,1,8,12.276039930673655
5,1,9,11.696315727350038
5,1,10,10.817629668178224
5,1,11,11.521790283714058
5,1,12,9.68421979192073
5,1,13,11.488459818611306
5,1,14,8.158981051860948
5,1,15,13.441176522667094
5,1,16,14.483052465023697
5,1,17,14.252176909593794
5,1,18,13.542761407959278
5,1,19,17.376168983410526
5,2,1,11.026228793262264
5,2,2,11.263142221131831
5,2,3,10.609618611213754
5,2,4,9.894218721428343
5,2,5,9.385896817766403
5,2,6,9.417377867657532
5,2,7,11.13229736042922
5,2,8,11.350251432556746
5,2,9,11.181026268278348
5,2,10,9.610246641843862
5,2,11,13.041287427499107
5,2,12,9.113871447426265
5,2,13,11.711315878945012
5,2,14,9.890691604268726
5,2,15,9.98804498768969
5,2,16,9.340274927432645
5,2,17,8.832443665752084
5,2,18,20.00619191814577
5,2,19,18.69764190604924
5,3,1,25.516474481081186
5,3,2,22.647512932614955
5,3,3,75.25633173712262
5,3,4,28.56477546595013
5,3,5,59.22350508776687
5,3,6,30.758766578621007
5,3,7,71.13975108991424
5,3,8,48.24817414209062
5,3,9,53.17339395740305
5,3,10,41.256806850414456
5,3,11,49.565413426160745
5,3,12,51.32026234511099
5,3,13,59.61819776071877
5,3,14,53.96080014350764
5,3,15,53.021746438652215
5,3,16,44.82317532461398
5,3,17,59.495425217893164
5,3,18,66.43482569429663
5,3,19,5734.064740437239
5,4,1,173.51460620908333
5,4,2,216.39735589263282
5,4,3,154.52654608932062
5,4,4,131.68765878835165
5,4,5,95.6379225968227
5,4,6,189.19902574119035
5,4,7,113.6200812065233
5,4,8,78.82153300161954
5,4,9,127.33352930304123
5,4,10,111.9932147566074
5,4,11,108.97268926860748
5,4,12,94.77149381988316
5,4,13,98.27603360763078
5,4,14,85.77110408695123
5,4,15,105.44290542915533
5,4,16,104.31034789785943
5,4,17,79.58316486980571
5,4,18,115.68323205991786
5,4,19,110.12998073079159
5,5,1,1132.1911803736953
5,5,2,1145.505346770945
5,5,3,1515.1841108894955
5,5,4,613.3499617038708
5,5,5,182.60393685140076
5,5,6,128.29759664220904
5,5,7,240.9746769945782
5,5,8,287.44350558087916
5,5,9,201.61384014909748
5,5,10,175.07889624675892
5,5,11,196.57802379837705
5,5,12,170.02107911980983
5,5,13,291.7259496229113
5,5,14,266.7052742067864
5,5,15,233.9876766100088
5,5,16,251.10407122866664
5,5,17,425.5974566438806
5,5,18,462.46535294754335
5,5,19,13094837.387431193
5,6,1,2238.6936312190774
5,6,2,1942.633514443688
5,6,3,1276.8342745303898
5,6,4,1767.8246532485527
5,6,5,1008.3923649170615
5,6,6,437.9322217417955
5,6,7,1219.7056088942395
5,6,8,754.3772746066492
5,6,9,734.1977990286224
5,6,10,1142.7579914808987
5,6,11,1345.6404011350996
5,6,12,856.722274350583
5,6,13,797.6006204633944
5,6,14,889.9363558401108
5,6,15,1626.0810203913752
5,6,16,1820.5214323335085
5,6,17,1618.9237359762528
5,6,18,239.71040664314742
5,6,19,613808920.5767248
5,7,1,4432.385264789204
5,7,2,2760.9307020088722
5,7,3,1762.5255335579368
5,7,4,2339.768505838077
5,7,5,2935.4032526489345
5,7,6,2131.076491280138
5,7,7,1374.4040036553947
5,7,8,2213.5384238530337
5,7,9,2330.2929766232396
5,7,10,6061.747951533444
5,7,11,3585.672886739734
5,7,12,2199.7879218944954
5,7,13,3969.438221026976
5,7,14,2782.191598764781
5,7,15,2433.274310514157
5,7,16,1555.1607130385742
5,7,17,2071.5167386130497
5,7,19,21002905677.11576
5,8,1,35879.421080567474
5,8,2,7312.3204282969045
5,8,3,3481.3095077664675
5,8,4,3215.5201501242714
5,8,5,3778.9188719391104
5,8,6,4050.7349959532858
5,8,7,3816.9935732683107
5,8,8,7149.491120218287
5,8,9,3196.1799341445426
5,8,10,3968.6384802565753
5,8,11,3610.4427359702195
5,8,12,3696.1599573931226
5,8,13,4777.650765079465
5,8,14,7250.883763776629
5,8,15,6705.261173909308
5,8,16,5599.872220728198
5,8,17,192.82690777646266
5,8,18,534325337026.1525
5,8,19,67988.20653201206
5,9,1,95835.46392271668
5,9,2,50804.92342929466
5,9,3,6429.958744256557
5,9,4,3744.4593161858784
5,9,5,3481.302242569897
5,9,6,702.23496839963
5,9,7,6377.664773169625
5,9,8,8033.559316423354
5,9,9,8966.120678764826
5,9,10,10251.622130446885
5,9,11,8118.195137632428
5,9,12,6450.958501023152
5,9,13,14419.365918292593
5,9,14,3548.944223867668
5,9,15,7799.064161036466
5,9,16,9816.468359963219
5,9,17,4651.255832676359
5,9,18,10753547322608.623
5,9,19,224607.5198562788
5,10,1,207574.0469014776
5,10,2,118634.94289476721
5,10,3,51985.90271238083
5,10,4,100.0
5,10,5,13880.226878468047
5,10,6,9121.908479939355
5,10,7,22833.736945269062
5,10,8,62736.995807567335
5,10,9,54275.491052274665
5,10,10,38477.05167315779
5,10,11,55116.359960545786
5,10,12,62771.561685622
5,10,13,72025.6504624036
5,10,14,107719.09430401708
5,10,15,1763.1168199631513
5,10,16,21644.805650083457
5,10,17,10541.91201411507
5,10,18,176978708038726.88
5,10,19,438686.108672079
5,11,1,185899145194274.06
5,11,2,232726.1111966719
5,11,3,2.3945002842645548e+16
5,11,4,91009.35986562903
5,11,5,251407.5357531387
5,11,6,260363.7721844421
5,11,7,253645.76926859794
5,11,8,252679.23579487856
5,11,9,248495.89730622884
5,11,10,247453.97290550437
5,11,11,298006.94219470496
5,11,12,269642.9777211235
5,11,13,302694.61292218405
5,11,14,475840.6485461043
5,11,15,186512.3606869624
5,11,16,6828.530702402925
5,11,17,2365258707641091.0
5,11,18,42379901421813.47
5,11,19,701376.2637538596
5,12,1,3559448.7146309773
5,12,2,920959.6493717047
5,12,3,1596642402091547.8
5,12,4,198861.39835217764
5,12,5,548252.2485965823
5,12,6,580654.2801595065
5,12,7,607854.7485028269
5,12,8,481503.4004889586
5,12,9,495149.7147629413
5,12,10,575457.9230451694
5,12,11,719124.4412181354
5,12,12,799161.8912886834
5,12,13,892375.6751170588
5,12,14,1182454.1485656728
5,12,15,935452.0628973758
5,12,16,299540.5631794578
5,12,17,2.4336408090690628e+16
5,12,18,1041471.5801744283
5,12,19,710728.4681332967
5,13,1,9109872.49237619
5,13,2,4460018.990251622
5,13,3,1002919.7304699767
5,13,4,306630.30885765166
5,13,5,422822.95336459094
5,13,6,726908.7352859777
5,13,7,927539.9804114997
5,13,8,823500.6062727278
5,13,9,600412.2246094932
5,13,10,1074841.398173112
5,13,11,1104262.5693740193
5,13,12,1651804.9363667113
5,13,13,4.376425175639871e+17
5,13,14,809226.470266703
5,13,15,2312380.567577692
5,13,16,829323.8868416591
5,13,17,1.7848005282016573e+17
5,13,18,1661936.0178041402
5,13,19,2832059.6684277295
5,14,1,5170810.569941966
5,14,2,11393563.424654275
5,14,3,5198007.940974308
5,14,4,1299391.501936089
5,14,5,116222.19411447193
5,14,6,285942.27790529985
5,14,7,179455.55399508413
5,14,8,1619186.4308274712
5,14,9,729075.4585106927
5,14,10,1154636.9283244568
5,14,11,2291573.4357489664
5,14,12,1605313.2524813588
5,14,13,3584574.9328190614
5,14,14,1396547.1390722273
5,14,15,7047101195975670.0
5,14,17,4.939840455681212e+18
5,14,18,2746333.1257419535
5,14,19,3094431.1044807537
5,15,1,8.891895818782897e+17
5,15,2,2376474.3022652417
5,15,3,13544681.865391139
5,15,4,7203498.943091063
5,15,5,2758871.0926231937
5,15,6,547433.9507837717
5,15,8,13400214.238843538
5,15,9,780313.1363877711
5,15,10,1624428.7540652645
5,15,11,3795187.4029774684
5,15,12,3098419.2358441246
5,15,13,1837707.1773419403
5,15,14,2443469.6681405813
5,15,16,3.0008292936405733e+19
5,15,17,2.494611929387151e+19
5,15,19,65663528.11187515
5,16,1,722666074.8396791
5,16,2,150294222.30963576
5,16,3,8965617.554626338
5,16,4,18306053.071696833
5,16,5,17859498.743862055
5,16,6,6118226.882526073
5,16,7,2229514.557585205
5,16,8,12023601.145088458
5,16,9,23450075.046841785
5,16,10,101011.19069106565
5,16,11,5668377.694678002
5,16,13,9462717.026842166
5,16,14,3874755.4919883967
5,16,16,3.072345882758012e+19
5,16,17,33494006.262280267
5,16,18,160622979.4712855
5,16,19,29955955.17445791
5,17,1,2.5092778903385946e+22
5,17,2,772292978.1011939
5,17,3,176794076.52975184
5,17,4,14054607.779027965
5,17,5,31359109.049782056
5,17,6,32483656.728752743
5,17,7,19774737.829849683
5,17,8,5.43294630667331e+19
5,17,9,275326126.3418476
5,17,10,171987461.38278648
5,17,11,26235482.858121376
5,17,12,108421106.90689215
5,17,13,15039608.169081539
5,17,14,12979708.67149797
5,17,15,18360758.975500766
5,17,16,1.5082940611996817e+21
5,17,17,117236609.14882961
5,17,18,306431154.60149294
5,17,19,927020928.5080185
5,18,1,6476748389.081688
5,18,2,2792670725.2377315
5,18,3,961992028.3585364
5,18,4,315278203.7622257
5,18,5,68766688.93492872
5,18,6,40600257.26611405
5,18,7,99864407.55782874
5,18,8,827773126.5562636
5,18,9,835489582.7296586
5,18,10,568401304.4409019
5,18,11,46150382.73300053
5,18,12,221397787.49295977
5,18,13,147231646.45873916
5,18,14,200140317.40465766
5,18,16,1.602018885031908e+20
5,18,17,7333173487.425492
5,18,18,5543043143.26084
5,18,19,7698764784.432672
5,19,1,8.736015056758271e+23
5,19,2,6253105450.917372
5,19,3,3302856830.8081093
5,19,4,1616426563.6523461
5,19,5,627260663.4272002
5,19,6,3.602456817118776e+23
5,19,7,4111650176.1825943
5,19,8,1989174185.394113
5,19,9,2945984926.7790704
5,19,10,1220157291.7418494
5,19,11,148381375.73542598
5,19,12,868656516.9286994
5,19,13,519316732.74122524
5,19,14,1.932279019251116e+23
5,19,15,1.8810755759187498e+21
5,19,16,1.6008470839562226e+23
